,matvec,n
0,0.013071620021946728,20
1,0.048891891026869416,200
2,0.18920113204512745,2000
3,0.7003476250101812,20000
4,3.374434294993989,200000
5,17.767603093991056,2000000
